# id	canonicalImplementation	state	transition	resultReconstruction	plannedForms	notes
climbing-stairs	tabulation	ways(i)	ways(i)=ways(i-1)+ways(i-2), bases 0 and 1 are 1	count	recursion,memoization,tabulation	Pilot; recursion cap must be measured separately from canonical n<=30.
frog-jump	tabulation	energy(i)	minimum predecessor energy plus absolute height difference for jumps 1 or 2	cost	recursion,memoization,tabulation	Use identical height inputs; bound branching by array length.
frog-jump-k-distance	tabulation	energy(i)	minimum energy(i-j)+height difference over valid j<=k	cost	recursion,memoization,tabulation	Combined length and k determine recursion cost.
max-sum-non-adjacent	tabulation	best(i)	max(skip previous prefix, nums[i]+best(i-2))	sum	recursion,memoization,tabulation	Existing values are nonnegative; first entry initializes the base case.
house-robber-2	two-pass-tabulation	best(i,start,end)	maximum of linear recurrence excluding first or excluding last house	sum	recursion,memoization,tabulation	Keep circular boundary choice; existing editor accepts at least two nonnegative house values.
ninjas-training	tabulation	best(day,activity)	points(day,activity)+max(previous day with different activity)	score	recursion,memoization,tabulation	Exactly three activity columns; minCols validation remains authoritative.
grid-unique-paths	tabulation	paths(row,col)	paths above plus paths left, with one path at origin	count	recursion,memoization,tabulation	Measure combined rows and columns for recursive branching.
unique-paths-2	tabulation	paths(row,col)	blocked cell has zero paths; otherwise above plus left	count	recursion,memoization,tabulation	Obstacle map is input, not computed data.
minimum-falling-path-sum	tabulation	cost(row,col)	cell plus minimum of three valid predecessor columns	cost	recursion,memoization,tabulation	Negative cells and boundary columns must agree.
triangle-min-path-sum	tabulation	cost(row,col)	triangle cell plus minimum of the two reachable children	cost	recursion,memoization,tabulation	Existing input is a rectangular padded grid; effective triangle depth is min(rows,columns).
ninja-and-his-friends	rolling-tabulation	best(row,col1,col2)	current collection plus maximum of nine valid next-position pairs	score	recursion,memoization,tabulation	Canonical keeps two row slices; preserve it as an optimized option when adding full tabulation. Count shared cell once.
knapsack-01	tabulation	value(item,capacity)	max(skip item, item value+previous-item row at reduced capacity)	value	recursion,memoization,tabulation	Equal weights/values lengths; combined table-cell budget; no item reuse.
subset-sum-equal-target	tabulation	possible(item,sum)	skip or take previous-row state	boolean	recursion,memoization,tabulation	Zero entries may read the same cell; preserve boolean semantics.
partition-equal-subset-sum	tabulation	possible(item,total/2)	odd total is impossible; otherwise subset-sum recurrence	boolean	recursion,memoization,tabulation	Do not execute or fabricate a half-integer target.
partition-set-min-abs-diff	tabulation	possible(item,sum)	subset feasibility then minimize abs(total-2*reachableSum)	difference	recursion,memoization,tabulation	Combined table budget; a minimum is extracted from the completed reachable sums.
count-subsets-with-sum-k	tabulation	count(item,sum)	skip count plus take count from previous row	count	recursion,memoization,tabulation	Zero doubles choices; do not collapse equal reads into one branch.
count-partitions-given-diff	tabulation	count(item,(total+difference)/2)	check sign/parity then count subsets of transformed sum	count	recursion,memoization,tabulation	Canonical uses the larger subset target; input values are positive, unlike count-subsets-with-sum-k.
assign-cookies-dp	tabulation	matches(childPrefix,cookiePrefix)	max(skip child, skip cookie, compatible diagonal+1)	count	recursion,memoization,tabulation	Sort both arrays as existing source does; DP version must not be replaced by greedy.
minimum-coins-dp	tabulation	coins(type,amount)	min(skip type, one coin+same-row smaller amount)	count-or-minus-one	recursion,memoization,tabulation	Unlimited reuse; preserve impossible-state sentinel and final -1.
target-sum-dp	tabulation	count(item,signedSum)	plus and minus choices from previous row using offset coordinates	count	recursion,memoization,tabulation	+0 and -0 are separate assignments; sum width and item count jointly bounded.
coin-change-2	tabulation	count(type,amount)	skip type plus take same type at smaller amount	count	recursion,memoization,tabulation	Distinct coin denominations; combinations, not permutations.
unbounded-knapsack	tabulation	value(type,capacity)	max(skip type, value+same-type reduced capacity)	value	recursion,memoization,tabulation	Equal parallel arrays; item reuse stays within current row.
rod-cutting-problem	tabulation	value(lengthType,totalLength)	max(skip length, its price+same-type reduced length)	value	recursion,memoization,tabulation	Rod must be sold under the existing positive-price domain.
longest-common-subsequence	tabulation	length(firstPrefix,secondPrefix)	matching diagonal+1; otherwise max(above,left)	length	recursion,memoization,tabulation	Joint string-length table budget; do not conflate substring and subsequence.
print-longest-common-subsequence	tabulation-with-reconstruction	length(firstPrefix,secondPrefix)	LCS length recurrence followed by parent choices	string	recursion,memoization,tabulation	Preserve current tie choice during reconstruction, or validate equivalent optimal strings explicitly.
longest-common-substring	tabulation	endingLength(firstEnd,secondEnd)	matching diagonal+1; mismatch resets to zero; retain global maximum	length	recursion,memoization,tabulation	Memo recursion must cover all endpoint states, not only the final cell.
longest-palindromic-subsequence	tabulation-via-lcs	length(originalPrefix,reversedPrefix)	LCS of input and its reverse	length	recursion,memoization,tabulation	Preserve the actual LCS formulation; direct interval DP is a separate optional formulation.
min-insertions-palindrome	tabulation-via-lcs	length(originalPrefix,reversedPrefix)	input length minus LCS with reverse	count	recursion,memoization,tabulation	Explain the reduction without relabelling its result as an LCS string.
min-insertions-deletions-a-b	tabulation-via-lcs	length(firstPrefix,secondPrefix)	len(first)+len(second)-2*LCS	count	recursion,memoization,tabulation	Both strings and their edit direction remain explicit.
shortest-common-supersequence	tabulation-with-reconstruction	length(firstPrefix,secondPrefix)	LCS table then merge characters while walking backwards	string	recursion,memoization,tabulation	Keep unmatched prefixes and deterministic tie handling; verify both subsequences in output.
distinct-subsequences	tabulation	count(sourcePrefix,targetPrefix)	skip source character plus matching diagonal; empty target count is one	count	recursion,memoization,tabulation	Use long counts and identical string domain.
edit-distance	tabulation	cost(firstPrefix,secondPrefix)	match diagonal; mismatch one plus min(delete,insert,replace)	count	recursion,memoization,tabulation	Length<=14 plus joint table budget; naive recursion needs smaller measured bounds.
wildcard-matching	tabulation	matches(textPrefix,patternPrefix)	star takes above or left; question-mark/equal takes diagonal	boolean	recursion,memoization,tabulation	Preserve empty-prefix and all-star base cases and actual pattern domain.
best-time-stock-1	tabulation	profit(day,action)	max(skip, signed trade plus next action), action cap=2	profit	recursion,memoization,tabulation	Existing source really uses action-state DP; single-transaction linear greedy would be a separate option.
best-time-stock-2	tabulation	profit(day,buyOrSell)	max(skip, buy/sell plus next-day opposite state)	profit	recursion,memoization,tabulation	Unlimited transactions with one held stock; terminal day has zero future value.
best-time-stock-3	tabulation	profit(day,action)	trade/skip with action cap=4	profit	recursion,memoization,tabulation	Two complete transactions, no simultaneous holdings.
best-time-stock-4	tabulation	profit(day,action)	trade/skip with action cap=2*k	profit	recursion,memoization,tabulation	Joint days/actions budget; do not silently switch to unlimited trades.
stock-cooldown	tabulation	profit(day,buyOrSell)	buy advances one day; sale advances two days	profit	recursion,memoization,tabulation	Reserve terminal day+1 slice and preserve cooldown exactly.
stock-transaction-fee	tabulation	profit(day,buyOrSell)	sale subtracts fee; both branches compare with skip	profit	recursion,memoization,tabulation	Fee is charged on sale in current code and anchors.
longest-increasing-subsequence	tabulation	best(index,previousTakenIndex+1)	max(skip index, take index plus next row with new predecessor), when strictly increasing	length	recursion,memoization,tabulation	Actual canonical is a two-dimensional take/skip table; preserve that state definition.
print-lis	tabulation-with-reconstruction	length(endingIndex),parent(endingIndex)	strict predecessor updates then reverse parent chain	sequence	recursion,memoization,tabulation	Preserve length<=22, index feasibility and ties. Existing display omits collect()/answer() implementations; repair that source before advertising approaches.
lis-binary-search	binary-search-tails	minimumTail(length)	lower-bound replacement or extension of sorted tails	length	recursion,memoization,tabulation	Keep current O(n log n) method as an optimized default; add classic recurrence as additional approaches, never call tails tabulation.
longest-string-chain	tabulation-with-reconstruction	length(wordIndex),parent(wordIndex)	sort by length then extend a one-character predecessor	length-and-chain	recursion,memoization,tabulation	Include real predecessor helper and preserve deterministic sort order.
longest-bitonic-subsequence	two-pass-tabulation	increasing(index),decreasing(index)	strict forward/reverse LIS then max(inc+dec-1)	length	recursion,memoization,tabulation	Forward/reverse anchors stay distinct; allow purely increasing/decreasing under existing definition.
number-of-lis	tabulation	length(index),count(index)	longer predecessor replaces count; equal best length adds counts	count	recursion,memoization,tabulation	Counting subsequences by indices; duplicates need independent reference cases.
largest-divisible-subset	tabulation-with-reconstruction	length(sortedIndex),parent(sortedIndex)	extend previous value when current is divisible	sequence	recursion,memoization,tabulation	Distinct positive values, sorted parent path; validate actual subset, not just length.
matrix-chain-multiplication	tabulation	cost(leftMatrix,rightMatrix)	min over split of left cost+right cost+dimension product	cost	recursion,memoization,tabulation	Interval length order; dimensions are one longer than matrix count.
mcm-cost-eval	tabulation	cost(leftMatrix,rightMatrix)	min split cost with dimensions[left-1]*dimensions[split]*dimensions[right]	cost	recursion,memoization,tabulation	Retain this catalogue entry; no ID consolidation in feature.
matrix-chain-multiplication-theory	tabulation	cost(leftMatrix,rightMatrix)	interval split minimization of multiplication cost	cost	recursion,memoization,tabulation	An executable existing problem despite title; its real source must remain complete.
burst-balloons	tabulation	coins(left,right)	max choosing the last balloon in each padded interval	value	recursion,memoization,tabulation	Use last-balloon interval state, padded boundaries and correct multiplication domain.
evaluate-boolean-expression	tabulation	count(leftOperand,rightOperand,truth)	combine true/false counts for each operator and split	count	recursion,memoization,tabulation	All truth tables and both truth states; cap operands/splits jointly for recursion.
palindrome-partitioning-2	tabulation	palindrome(left,right),cuts(prefixEnd)	compute palindrome intervals then minimum valid previous-prefix cuts	count	recursion,memoization,tabulation	Keep palindrome preprocessing separate from cut recurrence and empty-prefix convention.
partition-array-max-sum	tabulation	best(prefixLength)	max over final block length<=k of previous best+blockMax*length	value	recursion,memoization,tabulation	Joint array length and k branching; do not confuse with partition feasibility.
max-rectangle-area-all-ones	histogram-monotonic-stack	height(column),increasingStack	accumulate consecutive ones by row and pop histogram rectangles	area		No direct recursion/memoization/tabulation transformation of the current stack algorithm. Retain canonical; a different rectangle-DP formulation requires its own explicit audit.
count-square-submatrices	in-place-tabulation	maxSquareEnding(row,col)	one plus min(left,top,diagonal) for a one cell; sum ending sizes	count	recursion,memoization,tabulation	Matrix renderer is truthful DP. New recursive forms must read original matrix without using mutated values as input.
count-palindromic-subsequences	tabulation	count(left,right)	equal ends add adjacent counts+1; unequal ends subtract overlapping inner count	count	recursion,memoization,tabulation	Strings category exception; counts non-distinct palindromic subsequences, not distinct strings.
